--
-- PostgreSQL database dump
--

-- Dumped from database version 17.2
-- Dumped by pg_dump version 17.2

SET statement_timeout = 0;
SET lock_timeout = 0;
SET idle_in_transaction_session_timeout = 0;
SET transaction_timeout = 0;
SET client_encoding = 'UTF8';
SET standard_conforming_strings = on;
SELECT pg_catalog.set_config('search_path', '', false);
SET check_function_bodies = false;
SET xmloption = content;
SET client_min_messages = warning;
SET row_security = off;

SET default_tablespace = '';

SET default_table_access_method = heap;

--
-- Name: api_customer; Type: TABLE; Schema: public; Owner: enrico-e-commerce
--

CREATE TABLE public.api_customer (
    id bigint NOT NULL,
    name character varying(255) NOT NULL,
    address text NOT NULL,
    tin_number character varying(50) NOT NULL,
    created_at timestamp with time zone NOT NULL,
    updated_at timestamp with time zone NOT NULL
);


ALTER TABLE public.api_customer OWNER TO "enrico-e-commerce";

--
-- Name: api_customer_id_seq; Type: SEQUENCE; Schema: public; Owner: enrico-e-commerce
--

ALTER TABLE public.api_customer ALTER COLUMN id ADD GENERATED BY DEFAULT AS IDENTITY (
    SEQUENCE NAME public.api_customer_id_seq
    START WITH 1
    INCREMENT BY 1
    NO MINVALUE
    NO MAXVALUE
    CACHE 1
);


--
-- Name: api_order; Type: TABLE; Schema: public; Owner: enrico-e-commerce
--

CREATE TABLE public.api_order (
    id bigint NOT NULL,
    transaction_code character varying(50) NOT NULL,
    order_total numeric(10,2) NOT NULL,
    customer_id bigint NOT NULL,
    created_at timestamp with time zone NOT NULL,
    updated_at timestamp with time zone NOT NULL
);


ALTER TABLE public.api_order OWNER TO "enrico-e-commerce";

--
-- Name: api_order_id_seq; Type: SEQUENCE; Schema: public; Owner: enrico-e-commerce
--

ALTER TABLE public.api_order ALTER COLUMN id ADD GENERATED BY DEFAULT AS IDENTITY (
    SEQUENCE NAME public.api_order_id_seq
    START WITH 1
    INCREMENT BY 1
    NO MINVALUE
    NO MAXVALUE
    CACHE 1
);


--
-- Name: api_orderline; Type: TABLE; Schema: public; Owner: enrico-e-commerce
--

CREATE TABLE public.api_orderline (
    id bigint NOT NULL,
    quantity integer NOT NULL,
    subtotal numeric(10,2) NOT NULL,
    order_id bigint NOT NULL,
    product_id bigint NOT NULL,
    created_at timestamp with time zone NOT NULL,
    updated_at timestamp with time zone NOT NULL,
    CONSTRAINT api_orderline_quantity_check CHECK ((quantity >= 0))
);


ALTER TABLE public.api_orderline OWNER TO "enrico-e-commerce";

--
-- Name: api_orderline_id_seq; Type: SEQUENCE; Schema: public; Owner: enrico-e-commerce
--

ALTER TABLE public.api_orderline ALTER COLUMN id ADD GENERATED BY DEFAULT AS IDENTITY (
    SEQUENCE NAME public.api_orderline_id_seq
    START WITH 1
    INCREMENT BY 1
    NO MINVALUE
    NO MAXVALUE
    CACHE 1
);


--
-- Name: api_product; Type: TABLE; Schema: public; Owner: enrico-e-commerce
--

CREATE TABLE public.api_product (
    id bigint NOT NULL,
    name character varying(255) NOT NULL,
    quantity integer NOT NULL,
    price numeric(10,2) NOT NULL,
    created_at timestamp with time zone NOT NULL,
    updated_at timestamp with time zone NOT NULL,
    expiration_date date,
    CONSTRAINT api_product_quantity_check CHECK ((quantity >= 0))
);


ALTER TABLE public.api_product OWNER TO "enrico-e-commerce";

--
-- Name: api_product_id_seq; Type: SEQUENCE; Schema: public; Owner: enrico-e-commerce
--

ALTER TABLE public.api_product ALTER COLUMN id ADD GENERATED BY DEFAULT AS IDENTITY (
    SEQUENCE NAME public.api_product_id_seq
    START WITH 1
    INCREMENT BY 1
    NO MINVALUE
    NO MAXVALUE
    CACHE 1
);


--
-- Name: auth_group; Type: TABLE; Schema: public; Owner: enrico-e-commerce
--

CREATE TABLE public.auth_group (
    id integer NOT NULL,
    name character varying(150) NOT NULL
);


ALTER TABLE public.auth_group OWNER TO "enrico-e-commerce";

--
-- Name: auth_group_id_seq; Type: SEQUENCE; Schema: public; Owner: enrico-e-commerce
--

ALTER TABLE public.auth_group ALTER COLUMN id ADD GENERATED BY DEFAULT AS IDENTITY (
    SEQUENCE NAME public.auth_group_id_seq
    START WITH 1
    INCREMENT BY 1
    NO MINVALUE
    NO MAXVALUE
    CACHE 1
);


--
-- Name: auth_group_permissions; Type: TABLE; Schema: public; Owner: enrico-e-commerce
--

CREATE TABLE public.auth_group_permissions (
    id bigint NOT NULL,
    group_id integer NOT NULL,
    permission_id integer NOT NULL
);


ALTER TABLE public.auth_group_permissions OWNER TO "enrico-e-commerce";

--
-- Name: auth_group_permissions_id_seq; Type: SEQUENCE; Schema: public; Owner: enrico-e-commerce
--

ALTER TABLE public.auth_group_permissions ALTER COLUMN id ADD GENERATED BY DEFAULT AS IDENTITY (
    SEQUENCE NAME public.auth_group_permissions_id_seq
    START WITH 1
    INCREMENT BY 1
    NO MINVALUE
    NO MAXVALUE
    CACHE 1
);


--
-- Name: auth_permission; Type: TABLE; Schema: public; Owner: enrico-e-commerce
--

CREATE TABLE public.auth_permission (
    id integer NOT NULL,
    name character varying(255) NOT NULL,
    content_type_id integer NOT NULL,
    codename character varying(100) NOT NULL
);


ALTER TABLE public.auth_permission OWNER TO "enrico-e-commerce";

--
-- Name: auth_permission_id_seq; Type: SEQUENCE; Schema: public; Owner: enrico-e-commerce
--

ALTER TABLE public.auth_permission ALTER COLUMN id ADD GENERATED BY DEFAULT AS IDENTITY (
    SEQUENCE NAME public.auth_permission_id_seq
    START WITH 1
    INCREMENT BY 1
    NO MINVALUE
    NO MAXVALUE
    CACHE 1
);


--
-- Name: auth_user; Type: TABLE; Schema: public; Owner: enrico-e-commerce
--

CREATE TABLE public.auth_user (
    id integer NOT NULL,
    password character varying(128) NOT NULL,
    last_login timestamp with time zone,
    is_superuser boolean NOT NULL,
    username character varying(150) NOT NULL,
    first_name character varying(150) NOT NULL,
    last_name character varying(150) NOT NULL,
    email character varying(254) NOT NULL,
    is_staff boolean NOT NULL,
    is_active boolean NOT NULL,
    date_joined timestamp with time zone NOT NULL
);


ALTER TABLE public.auth_user OWNER TO "enrico-e-commerce";

--
-- Name: auth_user_groups; Type: TABLE; Schema: public; Owner: enrico-e-commerce
--

CREATE TABLE public.auth_user_groups (
    id bigint NOT NULL,
    user_id integer NOT NULL,
    group_id integer NOT NULL
);


ALTER TABLE public.auth_user_groups OWNER TO "enrico-e-commerce";

--
-- Name: auth_user_groups_id_seq; Type: SEQUENCE; Schema: public; Owner: enrico-e-commerce
--

ALTER TABLE public.auth_user_groups ALTER COLUMN id ADD GENERATED BY DEFAULT AS IDENTITY (
    SEQUENCE NAME public.auth_user_groups_id_seq
    START WITH 1
    INCREMENT BY 1
    NO MINVALUE
    NO MAXVALUE
    CACHE 1
);


--
-- Name: auth_user_id_seq; Type: SEQUENCE; Schema: public; Owner: enrico-e-commerce
--

ALTER TABLE public.auth_user ALTER COLUMN id ADD GENERATED BY DEFAULT AS IDENTITY (
    SEQUENCE NAME public.auth_user_id_seq
    START WITH 1
    INCREMENT BY 1
    NO MINVALUE
    NO MAXVALUE
    CACHE 1
);


--
-- Name: auth_user_user_permissions; Type: TABLE; Schema: public; Owner: enrico-e-commerce
--

CREATE TABLE public.auth_user_user_permissions (
    id bigint NOT NULL,
    user_id integer NOT NULL,
    permission_id integer NOT NULL
);


ALTER TABLE public.auth_user_user_permissions OWNER TO "enrico-e-commerce";

--
-- Name: auth_user_user_permissions_id_seq; Type: SEQUENCE; Schema: public; Owner: enrico-e-commerce
--

ALTER TABLE public.auth_user_user_permissions ALTER COLUMN id ADD GENERATED BY DEFAULT AS IDENTITY (
    SEQUENCE NAME public.auth_user_user_permissions_id_seq
    START WITH 1
    INCREMENT BY 1
    NO MINVALUE
    NO MAXVALUE
    CACHE 1
);


--
-- Name: django_admin_log; Type: TABLE; Schema: public; Owner: enrico-e-commerce
--

CREATE TABLE public.django_admin_log (
    id integer NOT NULL,
    action_time timestamp with time zone NOT NULL,
    object_id text,
    object_repr character varying(200) NOT NULL,
    action_flag smallint NOT NULL,
    change_message text NOT NULL,
    content_type_id integer,
    user_id integer NOT NULL,
    CONSTRAINT django_admin_log_action_flag_check CHECK ((action_flag >= 0))
);


ALTER TABLE public.django_admin_log OWNER TO "enrico-e-commerce";

--
-- Name: django_admin_log_id_seq; Type: SEQUENCE; Schema: public; Owner: enrico-e-commerce
--

ALTER TABLE public.django_admin_log ALTER COLUMN id ADD GENERATED BY DEFAULT AS IDENTITY (
    SEQUENCE NAME public.django_admin_log_id_seq
    START WITH 1
    INCREMENT BY 1
    NO MINVALUE
    NO MAXVALUE
    CACHE 1
);


--
-- Name: django_content_type; Type: TABLE; Schema: public; Owner: enrico-e-commerce
--

CREATE TABLE public.django_content_type (
    id integer NOT NULL,
    app_label character varying(100) NOT NULL,
    model character varying(100) NOT NULL
);


ALTER TABLE public.django_content_type OWNER TO "enrico-e-commerce";

--
-- Name: django_content_type_id_seq; Type: SEQUENCE; Schema: public; Owner: enrico-e-commerce
--

ALTER TABLE public.django_content_type ALTER COLUMN id ADD GENERATED BY DEFAULT AS IDENTITY (
    SEQUENCE NAME public.django_content_type_id_seq
    START WITH 1
    INCREMENT BY 1
    NO MINVALUE
    NO MAXVALUE
    CACHE 1
);


--
-- Name: django_migrations; Type: TABLE; Schema: public; Owner: enrico-e-commerce
--

CREATE TABLE public.django_migrations (
    id bigint NOT NULL,
    app character varying(255) NOT NULL,
    name character varying(255) NOT NULL,
    applied timestamp with time zone NOT NULL
);


ALTER TABLE public.django_migrations OWNER TO "enrico-e-commerce";

--
-- Name: django_migrations_id_seq; Type: SEQUENCE; Schema: public; Owner: enrico-e-commerce
--

ALTER TABLE public.django_migrations ALTER COLUMN id ADD GENERATED BY DEFAULT AS IDENTITY (
    SEQUENCE NAME public.django_migrations_id_seq
    START WITH 1
    INCREMENT BY 1
    NO MINVALUE
    NO MAXVALUE
    CACHE 1
);


--
-- Name: django_session; Type: TABLE; Schema: public; Owner: enrico-e-commerce
--

CREATE TABLE public.django_session (
    session_key character varying(40) NOT NULL,
    session_data text NOT NULL,
    expire_date timestamp with time zone NOT NULL
);


ALTER TABLE public.django_session OWNER TO "enrico-e-commerce";

--
-- Name: inventory; Type: TABLE; Schema: public; Owner: enrico-e-commerce
--

CREATE TABLE public.inventory (
    id bigint NOT NULL,
    product_id integer NOT NULL,
    quantity integer NOT NULL,
    location character varying(255) NOT NULL,
    created_at timestamp with time zone NOT NULL,
    updated_at timestamp with time zone NOT NULL
);


ALTER TABLE public.inventory OWNER TO "enrico-e-commerce";

--
-- Name: inventory_id_seq; Type: SEQUENCE; Schema: public; Owner: enrico-e-commerce
--

ALTER TABLE public.inventory ALTER COLUMN id ADD GENERATED BY DEFAULT AS IDENTITY (
    SEQUENCE NAME public.inventory_id_seq
    START WITH 1
    INCREMENT BY 1
    NO MINVALUE
    NO MAXVALUE
    CACHE 1
);


--
-- Name: payments_payment; Type: TABLE; Schema: public; Owner: enrico-e-commerce
--

CREATE TABLE public.payments_payment (
    id bigint NOT NULL,
    external_id character varying(255) NOT NULL,
    amount numeric(10,2) NOT NULL,
    currency character varying(3) NOT NULL,
    payer_email character varying(254) NOT NULL,
    description text NOT NULL,
    status character varying(50) NOT NULL,
    created_at timestamp with time zone NOT NULL,
    updated_at timestamp with time zone NOT NULL,
    payment_method character varying(50) NOT NULL
);


ALTER TABLE public.payments_payment OWNER TO "enrico-e-commerce";

--
-- Name: payments_payment_id_seq; Type: SEQUENCE; Schema: public; Owner: enrico-e-commerce
--

ALTER TABLE public.payments_payment ALTER COLUMN id ADD GENERATED BY DEFAULT AS IDENTITY (
    SEQUENCE NAME public.payments_payment_id_seq
    START WITH 1
    INCREMENT BY 1
    NO MINVALUE
    NO MAXVALUE
    CACHE 1
);


--
-- Name: skeleton_user; Type: TABLE; Schema: public; Owner: enrico-e-commerce
--

CREATE TABLE public.skeleton_user (
    id bigint NOT NULL,
    password character varying(128) NOT NULL,
    last_login timestamp with time zone,
    is_superuser boolean NOT NULL,
    username character varying(150) NOT NULL,
    first_name character varying(150) NOT NULL,
    last_name character varying(150) NOT NULL,
    email character varying(254) NOT NULL,
    is_staff boolean NOT NULL,
    is_active boolean NOT NULL,
    date_joined timestamp with time zone NOT NULL,
    company_id character varying(100) NOT NULL,
    created_at timestamp with time zone NOT NULL,
    updated_at timestamp with time zone NOT NULL
);


ALTER TABLE public.skeleton_user OWNER TO "enrico-e-commerce";

--
-- Name: skeleton_user_groups; Type: TABLE; Schema: public; Owner: enrico-e-commerce
--

CREATE TABLE public.skeleton_user_groups (
    id bigint NOT NULL,
    user_id bigint NOT NULL,
    group_id integer NOT NULL
);


ALTER TABLE public.skeleton_user_groups OWNER TO "enrico-e-commerce";

--
-- Name: skeleton_user_groups_id_seq; Type: SEQUENCE; Schema: public; Owner: enrico-e-commerce
--

ALTER TABLE public.skeleton_user_groups ALTER COLUMN id ADD GENERATED BY DEFAULT AS IDENTITY (
    SEQUENCE NAME public.skeleton_user_groups_id_seq
    START WITH 1
    INCREMENT BY 1
    NO MINVALUE
    NO MAXVALUE
    CACHE 1
);


--
-- Name: skeleton_user_id_seq; Type: SEQUENCE; Schema: public; Owner: enrico-e-commerce
--

ALTER TABLE public.skeleton_user ALTER COLUMN id ADD GENERATED BY DEFAULT AS IDENTITY (
    SEQUENCE NAME public.skeleton_user_id_seq
    START WITH 1
    INCREMENT BY 1
    NO MINVALUE
    NO MAXVALUE
    CACHE 1
);


--
-- Name: skeleton_user_user_permissions; Type: TABLE; Schema: public; Owner: enrico-e-commerce
--

CREATE TABLE public.skeleton_user_user_permissions (
    id bigint NOT NULL,
    user_id bigint NOT NULL,
    permission_id integer NOT NULL
);


ALTER TABLE public.skeleton_user_user_permissions OWNER TO "enrico-e-commerce";

--
-- Name: skeleton_user_user_permissions_id_seq; Type: SEQUENCE; Schema: public; Owner: enrico-e-commerce
--

ALTER TABLE public.skeleton_user_user_permissions ALTER COLUMN id ADD GENERATED BY DEFAULT AS IDENTITY (
    SEQUENCE NAME public.skeleton_user_user_permissions_id_seq
    START WITH 1
    INCREMENT BY 1
    NO MINVALUE
    NO MAXVALUE
    CACHE 1
);


--
-- Data for Name: api_customer; Type: TABLE DATA; Schema: public; Owner: enrico-e-commerce
--

COPY public.api_customer (id, name, address, tin_number, created_at, updated_at) FROM stdin;
2	Customer 2	Philec Road Sunrise Taytay, Rizal	TIN1234567895	2025-02-11 14:20:39.427213+08	2025-02-11 14:20:39.459076+08
4	John Die	123 Main2 St	TIN1231456789	2025-02-11 15:02:38.231752+08	2025-02-11 15:03:41.211299+08
8	Enrico	Tanay, Rizal, Antipolo	TIN1234	2025-02-12 09:36:03.934434+08	2025-02-12 09:36:18.335041+08
10	Customer 1	Sample Address 1	TIN123456789	2025-02-14 11:16:55.647056+08	2025-02-14 11:16:55.69939+08
11	Customer 3	Philec Road Sunrise Taytay, Rizal	TIN1234567423	2025-02-14 11:20:28.941258+08	2025-02-14 11:20:28.941591+08
12	Customer 5	Sample Address 5	TIN987654321	2025-02-14 11:20:38.373619+08	2025-02-14 11:20:38.373842+08
13	Customer 6	Sample Address 6	TIN112233445	2025-02-14 11:20:48.067307+08	2025-02-14 11:20:48.067505+08
14	Customer 7	Sample Address 7	TIN223344556	2025-02-14 11:21:00.960761+08	2025-02-14 11:21:00.960954+08
15	Customer 9	Sample Address 9	TIN334455667	2025-02-14 11:21:12.377978+08	2025-02-14 11:21:12.378174+08
16	Customer 10	Sample Address 10	TIN445566778	2025-02-14 11:21:23.415848+08	2025-02-14 11:21:23.415982+08
17	Customer 11	Sample Address 11	TIN556677889	2025-02-14 11:21:30.959161+08	2025-02-14 11:21:30.959337+08
18	Customer 12	Sample Address 12	TIN667788990	2025-02-14 11:21:35.192309+08	2025-02-14 11:21:35.192549+08
19	Customer 13	Sample Address 13	TIN778899001	2025-02-14 11:21:39.583483+08	2025-02-14 11:21:39.583681+08
20	Customer 2	Sample Address 13	TIN77e8899001	2025-02-14 11:31:14.850525+08	2025-02-14 11:31:14.850657+08
21	Customer 1	Sample Address 13	TIN77e83899001	2025-02-14 11:31:23.682903+08	2025-02-14 11:31:23.683036+08
22	Customer 4	Sample Address 13	TIN77eew3899001	2025-02-14 11:32:00.504148+08	2025-02-14 11:32:00.504409+08
23	John Doe	123 Main St	123-456-789	2025-03-05 14:33:24.484408+08	2025-03-05 14:33:24.67055+08
24	Jane Doe	789 Pine St	111-222-333	2025-03-05 14:36:34.125333+08	2025-03-05 14:36:34.258903+08
25	Test Customer	123 Test Street	TIN123456	2025-03-07 16:00:10.509289+08	2025-03-07 16:00:10.607043+08
26	Test Customer1	123 Test Street1	TIN1234567	2025-03-07 16:11:09.658545+08	2025-03-07 16:11:09.730216+08
28	Test Customer2	123 Test Street2	TIN12567	2025-03-07 16:12:57.86196+08	2025-03-07 16:12:57.91595+08
29	Test Customer3	123 Test Street3	TINewew12567	2025-03-07 16:15:24.602478+08	2025-03-07 16:15:24.660023+08
30	Test Customer4	123 Test Street4	TINeweewew12567	2025-03-07 16:17:16.831304+08	2025-03-07 16:17:16.990581+08
31	Test Customer5	123 Test Street5	TINeweeweewew12567	2025-03-07 16:18:38.123369+08	2025-03-07 16:18:38.184819+08
\.


--
-- Data for Name: api_order; Type: TABLE DATA; Schema: public; Owner: enrico-e-commerce
--

COPY public.api_order (id, transaction_code, order_total, customer_id, created_at, updated_at) FROM stdin;
41	TXN179B87AA	50.00	4	2025-02-12 16:40:11.721398+08	2025-02-12 16:40:11.729322+08
42	TXNF2591857	59.80	4	2025-02-12 16:41:16.955882+08	2025-02-12 16:41:16.964195+08
43	TXN0F9C75FC	50.83	4	2025-02-12 16:41:54.834873+08	2025-02-12 16:41:54.843154+08
44	TXNFF40F370	1000.00	2	2025-02-12 17:51:34.931634+08	2025-02-12 17:51:34.948626+08
46	TXNB0EB0062	1500.00	2	2025-02-14 11:29:18.213032+08	2025-02-14 11:29:18.230719+08
47	TXNF64DD165	2150.00	4	2025-02-14 11:29:43.044633+08	2025-02-14 11:29:43.054878+08
48	TXN0EB9B1CF	150.00	4	2025-02-14 11:29:49.250152+08	2025-02-14 11:29:49.270333+08
49	TXN3ECB9BAC	1100.00	8	2025-02-14 11:30:15.333861+08	2025-02-14 11:30:15.340993+08
50	TXNF8A0C47E	250.00	10	2025-02-16 20:05:53.95076+08	2025-02-16 20:05:54.099748+08
51	TXN3842515A	500.00	8	2025-02-16 20:06:26.694164+08	2025-02-16 20:06:26.699493+08
52	TXN81ED62AA	25.00	8	2025-02-16 20:20:30.775503+08	2025-02-16 20:20:30.780902+08
53	TXNED76E278	5.20	4	2025-02-17 08:58:59.447253+08	2025-02-17 08:58:59.690116+08
38	TXNC4598228	0.00	2	2025-02-12 10:19:07.404807+08	2025-02-17 09:50:08.734399+08
39	TXNABAB3F43	0.00	4	2025-02-12 15:26:49.626038+08	2025-02-17 09:50:55.356623+08
31	TXNA545A530	8500.00	2	2025-02-11 15:11:42.911875+08	2025-02-11 15:11:42.940915+08
59	TXNC59C03C0	800.00	2	2025-03-05 14:39:05.706246+08	2025-03-05 14:39:05.706412+08
60	TXN2B68D1AE	800.00	2	2025-03-05 14:45:23.511774+08	2025-03-05 14:45:23.512388+08
61	TXN306E220F	800.00	2	2025-03-05 14:47:06.934583+08	2025-03-05 14:47:06.934975+08
\.


--
-- Data for Name: api_orderline; Type: TABLE DATA; Schema: public; Owner: enrico-e-commerce
--

COPY public.api_orderline (id, quantity, subtotal, order_id, product_id, created_at, updated_at) FROM stdin;
47	5	1000.00	44	11	2025-02-12 17:51:34.94456+08	2025-02-12 17:51:34.944805+08
50	3	1500.00	46	17	2025-02-14 11:29:18.229038+08	2025-02-14 11:29:18.229191+08
51	5	1750.00	47	19	2025-02-14 11:29:43.049178+08	2025-02-14 11:29:43.049381+08
52	2	400.00	47	20	2025-02-14 11:29:43.053596+08	2025-02-14 11:29:43.053873+08
53	1	150.00	48	21	2025-02-14 11:29:49.267549+08	2025-02-14 11:29:49.267789+08
54	4	1000.00	49	22	2025-02-14 11:30:15.338029+08	2025-02-14 11:30:15.338176+08
55	1	100.00	49	23	2025-02-14 11:30:15.340449+08	2025-02-14 11:30:15.340558+08
56	1	250.00	50	22	2025-02-16 20:05:54.096408+08	2025-02-16 20:05:54.096748+08
57	1	500.00	51	17	2025-02-16 20:06:26.69771+08	2025-02-16 20:06:26.697863+08
58	1	25.00	52	13	2025-02-16 20:20:30.778999+08	2025-02-16 20:20:30.779131+08
59	2	5.20	53	14	2025-02-17 08:58:59.686111+08	2025-02-17 08:58:59.686814+08
60	1	600.00	59	25	2025-03-05 14:39:05.746079+08	2025-03-05 14:39:05.74631+08
61	1	200.00	59	20	2025-03-05 14:39:05.760012+08	2025-03-05 14:39:05.760161+08
62	1	600.00	60	25	2025-03-05 14:45:23.608491+08	2025-03-05 14:45:23.608847+08
63	1	200.00	60	20	2025-03-05 14:45:23.623142+08	2025-03-05 14:45:23.623262+08
64	1	600.00	61	25	2025-03-05 14:47:06.945339+08	2025-03-05 14:47:06.94568+08
65	1	200.00	61	20	2025-03-05 14:47:06.955885+08	2025-03-05 14:47:06.956078+08
28	20	7500.00	31	4	2025-02-11 15:11:42.931276+08	2025-02-11 15:23:24.013023+08
29	20	400.00	31	2	2025-02-11 15:11:42.937251+08	2025-02-11 15:23:24.018708+08
42	1	50.00	41	5	2025-02-12 16:40:11.726895+08	2025-02-12 16:40:11.727177+08
43	10	29.90	42	12	2025-02-12 16:41:16.959824+08	2025-02-12 16:41:16.960045+08
44	10	29.90	42	6	2025-02-12 16:41:16.963278+08	2025-02-12 16:41:16.963488+08
45	10	29.90	43	12	2025-02-12 16:41:54.840025+08	2025-02-12 16:41:54.840192+08
46	7	20.93	43	6	2025-02-12 16:41:54.842316+08	2025-02-12 16:41:54.842507+08
30	5	600.00	31	3	2025-02-11 15:11:42.93959+08	2025-02-12 16:47:31.82571+08
\.


--
-- Data for Name: api_product; Type: TABLE DATA; Schema: public; Owner: enrico-e-commerce
--

COPY public.api_product (id, name, quantity, price, created_at, updated_at, expiration_date) FROM stdin;
8	Television	125	200.00	2025-02-11 14:15:18.296948+08	2025-02-11 14:15:18.318302+08	\N
4	System Unit	0	500.00	2025-02-11 14:15:18.296948+08	2025-02-11 15:11:42.927594+08	\N
2	Extension Cord	0	100.00	2025-02-11 14:15:18.296948+08	2025-02-11 15:11:42.9362+08	\N
3	Keyboard	0	200.00	2025-02-11 14:15:18.296948+08	2025-02-11 15:11:42.938366+08	\N
24	Peanut Butter	50	400.00	2025-02-14 11:26:28.987702+08	2025-02-14 11:26:29.038253+08	2025-07-15
26	Soda Can	120	80.00	2025-02-14 11:26:37.75675+08	2025-02-14 11:26:37.803559+08	2025-05-01
27	Biscuit Pack	90	120.00	2025-02-14 11:26:42.840188+08	2025-02-14 11:26:42.893318+08	2025-04-18
19	ChocoBar	40	350.00	2025-02-14 11:26:03.656473+08	2025-02-14 11:29:43.047667+08	2026-01-15
7	Monitor Case	125	100.00	2025-02-11 14:15:18.296948+08	2025-02-11 15:29:23.924312+08	\N
21	Potato Chips	74	150.00	2025-02-14 11:26:13.538335+08	2025-02-14 11:29:49.266234+08	2025-10-05
9	Printer (Wireless)	5	1500.00	2025-02-11 14:17:01.893671+08	2025-02-11 15:31:00.545445+08	\N
23	Candy Canes	199	100.00	2025-02-14 11:26:23.893213+08	2025-02-14 11:30:15.339707+08	2025-08-25
28	enrico	2	999.00	2025-02-14 13:56:57.831605+08	2025-02-14 13:56:57.880234+08	2025-02-19
29	sir emman	50	999.00	2025-02-14 14:00:01.445744+08	2025-02-14 14:00:01.484865+08	2025-03-12
30	Biscuit Pack1	90	120.00	2025-02-14 14:05:36.375432+08	2025-02-14 14:05:36.446686+08	2025-04-18
31	Biscuit Pack1	90	120.00	2025-02-14 14:38:03.068072+08	2025-02-14 14:38:03.458975+08	2025-04-18
5	Monitor Kase	0	50.00	2025-02-11 14:15:18.296948+08	2025-02-14 17:42:16.112678+08	\N
22	Gummy Bears	55	250.00	2025-02-14 11:26:19.605168+08	2025-02-16 20:05:54.074817+08	2025-09-20
17	Milkita	28	500.00	2025-02-14 11:24:55.880924+08	2025-02-16 20:06:26.696534+08	2025-02-20
13	Milkita	3	25.00	2025-02-12 17:02:49.124327+08	2025-02-16 20:20:30.777935+08	2025-02-20
14	Milkita	2	2.60	2025-02-12 17:03:08.797033+08	2025-02-17 08:58:59.679404+08	2025-02-20
6	Milkita	39	400.00	2025-02-11 14:15:18.296948+08	2025-02-17 09:50:08.630809+08	2025-02-20
11	New Product	15	200.00	2025-02-11 16:36:14.009251+08	2025-02-17 09:50:55.352141+08	\N
12	Milk	20	2.99	2025-02-12 15:20:28.004105+08	2025-02-17 09:51:24.984028+08	2025-02-20
18	Milkita	32	500.00	2025-02-14 11:25:57.594687+08	2025-02-17 09:51:25.023315+08	2025-02-20
32	Laptop	10	1500.00	2025-02-28 11:23:57.588725+08	2025-02-28 11:23:57.899452+08	\N
33	Biscuit pieces	10	120.00	2025-02-28 13:07:21.847665+08	2025-02-28 13:07:21.947171+08	2025-04-18
34	Biscuit pieces	10	400.00	2025-02-28 13:10:47.312145+08	2025-02-28 13:35:35.009223+08	2025-04-18
35	Biscuit Biscuit	20	120.00	2025-02-28 17:36:10.598709+08	2025-02-28 17:36:10.656891+08	2025-04-18
36	Test Product	100	19.99	2025-03-05 14:28:57.904879+08	2025-03-05 14:28:57.981762+08	2024-12-31
37	Batch Product 1	100	19.99	2025-03-05 14:32:20.242007+08	2025-03-05 14:32:20.404861+08	\N
25	Jam Bottle	27	600.00	2025-02-14 11:26:33.487035+08	2025-03-05 14:47:06.953077+08	2025-06-10
20	CheeseBalls	95	200.00	2025-02-14 11:26:08.830904+08	2025-03-05 14:47:06.958751+08	2025-11-10
\.


--
-- Data for Name: auth_group; Type: TABLE DATA; Schema: public; Owner: enrico-e-commerce
--

COPY public.auth_group (id, name) FROM stdin;
\.


--
-- Data for Name: auth_group_permissions; Type: TABLE DATA; Schema: public; Owner: enrico-e-commerce
--

COPY public.auth_group_permissions (id, group_id, permission_id) FROM stdin;
\.


--
-- Data for Name: auth_permission; Type: TABLE DATA; Schema: public; Owner: enrico-e-commerce
--

COPY public.auth_permission (id, name, content_type_id, codename) FROM stdin;
1	Can add log entry	1	add_logentry
2	Can change log entry	1	change_logentry
3	Can delete log entry	1	delete_logentry
4	Can view log entry	1	view_logentry
5	Can add permission	2	add_permission
6	Can change permission	2	change_permission
7	Can delete permission	2	delete_permission
8	Can view permission	2	view_permission
9	Can add group	3	add_group
10	Can change group	3	change_group
11	Can delete group	3	delete_group
12	Can view group	3	view_group
13	Can add user	4	add_user
14	Can change user	4	change_user
15	Can delete user	4	delete_user
16	Can view user	4	view_user
17	Can add content type	5	add_contenttype
18	Can change content type	5	change_contenttype
19	Can delete content type	5	delete_contenttype
20	Can view content type	5	view_contenttype
21	Can add session	6	add_session
22	Can change session	6	change_session
23	Can delete session	6	delete_session
24	Can view session	6	view_session
25	Can add order line	7	add_orderline
26	Can change order line	7	change_orderline
27	Can delete order line	7	delete_orderline
28	Can view order line	7	view_orderline
29	Can add customer	8	add_customer
30	Can change customer	8	change_customer
31	Can delete customer	8	delete_customer
32	Can view customer	8	view_customer
33	Can add order	9	add_order
34	Can change order	9	change_order
35	Can delete order	9	delete_order
36	Can view order	9	view_order
37	Can add product	10	add_product
38	Can change product	10	change_product
39	Can delete product	10	delete_product
40	Can view product	10	view_product
41	Can add inventory	11	add_inventory
42	Can change inventory	11	change_inventory
43	Can delete inventory	11	delete_inventory
44	Can view inventory	11	view_inventory
45	Can add customer	12	add_customer
46	Can change customer	12	change_customer
47	Can delete customer	12	delete_customer
48	Can view customer	12	view_customer
49	Can add product	13	add_product
50	Can change product	13	change_product
51	Can delete product	13	delete_product
52	Can view product	13	view_product
53	Can add order	14	add_order
54	Can change order	14	change_order
55	Can delete order	14	delete_order
56	Can view order	14	view_order
57	Can add order line	15	add_orderline
58	Can change order line	15	change_orderline
59	Can delete order line	15	delete_orderline
60	Can view order line	15	view_orderline
61	Can add user	16	add_user
62	Can change user	16	change_user
63	Can delete user	16	delete_user
64	Can view user	16	view_user
65	Can add payment	17	add_payment
66	Can change payment	17	change_payment
67	Can delete payment	17	delete_payment
68	Can view payment	17	view_payment
69	Can add xendit payment	18	add_xenditpayment
70	Can change xendit payment	18	change_xenditpayment
71	Can delete xendit payment	18	delete_xenditpayment
72	Can view xendit payment	18	view_xenditpayment
\.


--
-- Data for Name: auth_user; Type: TABLE DATA; Schema: public; Owner: enrico-e-commerce
--

COPY public.auth_user (id, password, last_login, is_superuser, username, first_name, last_name, email, is_staff, is_active, date_joined) FROM stdin;
1	pbkdf2_sha256$870000$3rB4LjZiwzZPv2Rlehf8IE$C1SW2KnTDIS4HK5L/xsPIh7MVjV1Nrb3Z66q6c058yQ=	2025-02-11 14:58:36.166087+08	t	admin			pedrajetajr21@gmail.com	t	t	2025-02-10 16:35:26.692648+08
\.


--
-- Data for Name: auth_user_groups; Type: TABLE DATA; Schema: public; Owner: enrico-e-commerce
--

COPY public.auth_user_groups (id, user_id, group_id) FROM stdin;
\.


--
-- Data for Name: auth_user_user_permissions; Type: TABLE DATA; Schema: public; Owner: enrico-e-commerce
--

COPY public.auth_user_user_permissions (id, user_id, permission_id) FROM stdin;
\.


--
-- Data for Name: django_admin_log; Type: TABLE DATA; Schema: public; Owner: enrico-e-commerce
--

COPY public.django_admin_log (id, action_time, object_id, object_repr, action_flag, change_message, content_type_id, user_id) FROM stdin;
\.


--
-- Data for Name: django_content_type; Type: TABLE DATA; Schema: public; Owner: enrico-e-commerce
--

COPY public.django_content_type (id, app_label, model) FROM stdin;
1	admin	logentry
2	auth	permission
3	auth	group
4	auth	user
5	contenttypes	contenttype
6	sessions	session
7	api	orderline
8	api	customer
9	api	order
10	api	product
11	skeleton	inventory
12	skeleton	customer
13	skeleton	product
14	skeleton	order
15	skeleton	orderline
16	skeleton	user
17	payments	payment
18	payments	xenditpayment
\.


--
-- Data for Name: django_migrations; Type: TABLE DATA; Schema: public; Owner: enrico-e-commerce
--

COPY public.django_migrations (id, app, name, applied) FROM stdin;
1	contenttypes	0001_initial	2025-02-10 16:32:19.885912+08
2	auth	0001_initial	2025-02-10 16:32:19.98497+08
3	admin	0001_initial	2025-02-10 16:32:20.012547+08
4	admin	0002_logentry_remove_auto_add	2025-02-10 16:32:20.02089+08
5	admin	0003_logentry_add_action_flag_choices	2025-02-10 16:32:20.031197+08
6	contenttypes	0002_remove_content_type_name	2025-02-10 16:32:20.052827+08
7	auth	0002_alter_permission_name_max_length	2025-02-10 16:32:20.065172+08
8	auth	0003_alter_user_email_max_length	2025-02-10 16:32:20.081366+08
9	auth	0004_alter_user_username_opts	2025-02-10 16:32:20.093756+08
10	auth	0005_alter_user_last_login_null	2025-02-10 16:32:20.102374+08
11	auth	0006_require_contenttypes_0002	2025-02-10 16:32:20.103812+08
12	auth	0007_alter_validators_add_error_messages	2025-02-10 16:32:20.117+08
13	auth	0008_alter_user_username_max_length	2025-02-10 16:32:20.133512+08
14	auth	0009_alter_user_last_name_max_length	2025-02-10 16:32:20.1443+08
15	auth	0010_alter_group_name_max_length	2025-02-10 16:32:20.153936+08
16	auth	0011_update_proxy_permissions	2025-02-10 16:32:20.164346+08
17	auth	0012_alter_user_first_name_max_length	2025-02-10 16:32:20.173108+08
18	sessions	0001_initial	2025-02-10 16:32:20.188311+08
19	api	0001_initial	2025-02-10 16:32:46.336941+08
20	api	0002_alter_order_order_total	2025-02-11 13:37:13.679154+08
21	api	0003_alter_order_customer_alter_order_transaction_code	2025-02-11 13:39:35.137971+08
22	api	0004_order_create_at_order_updated_at	2025-02-11 14:05:21.638415+08
23	api	0005_rename_create_at_order_created_at	2025-02-11 14:05:21.648664+08
24	api	0006_remove_product_expiration_date	2025-02-11 14:12:15.830518+08
25	api	0007_product_created_at_product_updated_at	2025-02-11 14:15:18.31953+08
26	api	0008_customer_created_at_customer_updated_at	2025-02-11 14:20:39.460357+08
27	api	0009_orderline_created_at_orderline_updated_at	2025-02-11 14:36:49.703193+08
28	api	0010_product_expiration_date_alter_order_customer	2025-02-12 15:16:34.326905+08
29	skeleton	0001_initial	2025-03-03 14:29:47.075832+08
30	skeleton	0002_alter_user_options_alter_user_table	2025-03-07 13:34:24.429019+08
31	skeleton	0002_create_user_model	2025-03-07 13:36:44.95915+08
32	skeleton	0003_merge_20250307_1336	2025-03-07 13:36:44.961743+08
33	payments	0001_initial	2025-03-11 15:08:45.292612+08
34	payments	0002_rename_invoice_id_payment_external_id_and_more	2025-03-11 15:35:54.818096+08
\.


--
-- Data for Name: django_session; Type: TABLE DATA; Schema: public; Owner: enrico-e-commerce
--

COPY public.django_session (session_key, session_data, expire_date) FROM stdin;
abu8rhio49trguxbpk6dghh9ajdrchnq	.eJxVjEEOwiAQAP_C2RBBYFuP3vsGsssuUjU0Ke3J-HdD0oNeZybzVhH3rcS9yRpnVldl1OmXEaan1C74gfW-6LTUbZ1J90QftulpYXndjvZvULCVviWbBjOiwDkgmJwlOMh5DM4CoRe2LP4CQgm8sZQcGw-DBWbHNohTny_x4jg9:1thPHB:CSSYMrI7rUcHabwKEFO1cUTYj8JQ10LddalcPn4IS9Q	2025-02-24 16:36:21.014248+08
xzhlg1mdi5zy2so5bwy9j8ppv9ku0jky	.eJxVjEEOwiAQAP_C2RBBYFuP3vsGsssuUjU0Ke3J-HdD0oNeZybzVhH3rcS9yRpnVldl1OmXEaan1C74gfW-6LTUbZ1J90QftulpYXndjvZvULCVviWbBjOiwDkgmJwlOMh5DM4CoRe2LP4CQgm8sZQcGw-DBWbHNohTny_x4jg9:1thkE8:LCk2q2S7gwtUOyTov9H8DHKPWByiPxMBcm0yePqRlVg	2025-02-25 14:58:36.168938+08
\.


--
-- Data for Name: inventory; Type: TABLE DATA; Schema: public; Owner: enrico-e-commerce
--

COPY public.inventory (id, product_id, quantity, location, created_at, updated_at) FROM stdin;
\.


--
-- Data for Name: payments_payment; Type: TABLE DATA; Schema: public; Owner: enrico-e-commerce
--

COPY public.payments_payment (id, external_id, amount, currency, payer_email, description, status, created_at, updated_at, payment_method) FROM stdin;
1	67cfe27468f6e30420fb231f	200000.00	PHP	test@example.com	Test Payment	PENDING	2025-03-11 15:12:52.616794+08	2025-03-11 15:12:52.616812+08	UNKNOWN
\.


--
-- Data for Name: skeleton_user; Type: TABLE DATA; Schema: public; Owner: enrico-e-commerce
--

COPY public.skeleton_user (id, password, last_login, is_superuser, username, first_name, last_name, email, is_staff, is_active, date_joined, company_id, created_at, updated_at) FROM stdin;
1	pbkdf2_sha256$870000$3r7fvEGgLALD03Y8m4ypuT$UUYc7QQ16p4NppZnkIM36oDZDb/3h04Xyf+1Q5hIszs=	\N	t	admin			pedrajetaj21@gmail.com	t	t	2025-03-07 13:37:12.83221+08		2025-03-07 13:37:13.382879+08	2025-03-07 13:37:13.382889+08
2	pbkdf2_sha256$870000$Ctl75F7xnfb9yrrWdlm2Qh$0cnxJYHIIX78uvIPQfMJjEB0v1kVhHLSm3RT8AlqCak=	\N	f	testuser			test@example.com	f	t	2025-03-07 13:38:35.668036+08	COMP001	2025-03-07 13:38:35.668486+08	2025-03-07 13:38:36.32968+08
3	pbkdf2_sha256$870000$wCGSN9SNOxkFAS8trIDHxf$YacHCt/SC0so+LXJ4+YrqLE8nzwPSeiQnPRfY+OvbBU=	\N	f	testuser1			test1@example.com	f	t	2025-03-07 13:41:45.96544+08	COMP002	2025-03-07 13:41:45.965625+08	2025-03-07 13:41:46.803286+08
\.


--
-- Data for Name: skeleton_user_groups; Type: TABLE DATA; Schema: public; Owner: enrico-e-commerce
--

COPY public.skeleton_user_groups (id, user_id, group_id) FROM stdin;
\.


--
-- Data for Name: skeleton_user_user_permissions; Type: TABLE DATA; Schema: public; Owner: enrico-e-commerce
--

COPY public.skeleton_user_user_permissions (id, user_id, permission_id) FROM stdin;
\.


--
-- Name: api_customer_id_seq; Type: SEQUENCE SET; Schema: public; Owner: enrico-e-commerce
--

SELECT pg_catalog.setval('public.api_customer_id_seq', 31, true);


--
-- Name: api_order_id_seq; Type: SEQUENCE SET; Schema: public; Owner: enrico-e-commerce
--

SELECT pg_catalog.setval('public.api_order_id_seq', 61, true);


--
-- Name: api_orderline_id_seq; Type: SEQUENCE SET; Schema: public; Owner: enrico-e-commerce
--

SELECT pg_catalog.setval('public.api_orderline_id_seq', 65, true);


--
-- Name: api_product_id_seq; Type: SEQUENCE SET; Schema: public; Owner: enrico-e-commerce
--

SELECT pg_catalog.setval('public.api_product_id_seq', 37, true);


--
-- Name: auth_group_id_seq; Type: SEQUENCE SET; Schema: public; Owner: enrico-e-commerce
--

SELECT pg_catalog.setval('public.auth_group_id_seq', 1, false);


--
-- Name: auth_group_permissions_id_seq; Type: SEQUENCE SET; Schema: public; Owner: enrico-e-commerce
--

SELECT pg_catalog.setval('public.auth_group_permissions_id_seq', 1, false);


--
-- Name: auth_permission_id_seq; Type: SEQUENCE SET; Schema: public; Owner: enrico-e-commerce
--

SELECT pg_catalog.setval('public.auth_permission_id_seq', 72, true);


--
-- Name: auth_user_groups_id_seq; Type: SEQUENCE SET; Schema: public; Owner: enrico-e-commerce
--

SELECT pg_catalog.setval('public.auth_user_groups_id_seq', 1, false);


--
-- Name: auth_user_id_seq; Type: SEQUENCE SET; Schema: public; Owner: enrico-e-commerce
--

SELECT pg_catalog.setval('public.auth_user_id_seq', 1, true);


--
-- Name: auth_user_user_permissions_id_seq; Type: SEQUENCE SET; Schema: public; Owner: enrico-e-commerce
--

SELECT pg_catalog.setval('public.auth_user_user_permissions_id_seq', 1, false);


--
-- Name: django_admin_log_id_seq; Type: SEQUENCE SET; Schema: public; Owner: enrico-e-commerce
--

SELECT pg_catalog.setval('public.django_admin_log_id_seq', 1, false);


--
-- Name: django_content_type_id_seq; Type: SEQUENCE SET; Schema: public; Owner: enrico-e-commerce
--

SELECT pg_catalog.setval('public.django_content_type_id_seq', 18, true);


--
-- Name: django_migrations_id_seq; Type: SEQUENCE SET; Schema: public; Owner: enrico-e-commerce
--

SELECT pg_catalog.setval('public.django_migrations_id_seq', 34, true);


--
-- Name: inventory_id_seq; Type: SEQUENCE SET; Schema: public; Owner: enrico-e-commerce
--

SELECT pg_catalog.setval('public.inventory_id_seq', 1, false);


--
-- Name: payments_payment_id_seq; Type: SEQUENCE SET; Schema: public; Owner: enrico-e-commerce
--

SELECT pg_catalog.setval('public.payments_payment_id_seq', 1, true);


--
-- Name: skeleton_user_groups_id_seq; Type: SEQUENCE SET; Schema: public; Owner: enrico-e-commerce
--

SELECT pg_catalog.setval('public.skeleton_user_groups_id_seq', 1, false);


--
-- Name: skeleton_user_id_seq; Type: SEQUENCE SET; Schema: public; Owner: enrico-e-commerce
--

SELECT pg_catalog.setval('public.skeleton_user_id_seq', 3, true);


--
-- Name: skeleton_user_user_permissions_id_seq; Type: SEQUENCE SET; Schema: public; Owner: enrico-e-commerce
--

SELECT pg_catalog.setval('public.skeleton_user_user_permissions_id_seq', 1, false);


--
-- Name: api_customer api_customer_pkey; Type: CONSTRAINT; Schema: public; Owner: enrico-e-commerce
--

ALTER TABLE ONLY public.api_customer
    ADD CONSTRAINT api_customer_pkey PRIMARY KEY (id);


--
-- Name: api_customer api_customer_tin_number_key; Type: CONSTRAINT; Schema: public; Owner: enrico-e-commerce
--

ALTER TABLE ONLY public.api_customer
    ADD CONSTRAINT api_customer_tin_number_key UNIQUE (tin_number);


--
-- Name: api_order api_order_pkey; Type: CONSTRAINT; Schema: public; Owner: enrico-e-commerce
--

ALTER TABLE ONLY public.api_order
    ADD CONSTRAINT api_order_pkey PRIMARY KEY (id);


--
-- Name: api_order api_order_transaction_code_key; Type: CONSTRAINT; Schema: public; Owner: enrico-e-commerce
--

ALTER TABLE ONLY public.api_order
    ADD CONSTRAINT api_order_transaction_code_key UNIQUE (transaction_code);


--
-- Name: api_orderline api_orderline_pkey; Type: CONSTRAINT; Schema: public; Owner: enrico-e-commerce
--

ALTER TABLE ONLY public.api_orderline
    ADD CONSTRAINT api_orderline_pkey PRIMARY KEY (id);


--
-- Name: api_product api_product_pkey; Type: CONSTRAINT; Schema: public; Owner: enrico-e-commerce
--

ALTER TABLE ONLY public.api_product
    ADD CONSTRAINT api_product_pkey PRIMARY KEY (id);


--
-- Name: auth_group auth_group_name_key; Type: CONSTRAINT; Schema: public; Owner: enrico-e-commerce
--

ALTER TABLE ONLY public.auth_group
    ADD CONSTRAINT auth_group_name_key UNIQUE (name);


--
-- Name: auth_group_permissions auth_group_permissions_group_id_permission_id_0cd325b0_uniq; Type: CONSTRAINT; Schema: public; Owner: enrico-e-commerce
--

ALTER TABLE ONLY public.auth_group_permissions
    ADD CONSTRAINT auth_group_permissions_group_id_permission_id_0cd325b0_uniq UNIQUE (group_id, permission_id);


--
-- Name: auth_group_permissions auth_group_permissions_pkey; Type: CONSTRAINT; Schema: public; Owner: enrico-e-commerce
--

ALTER TABLE ONLY public.auth_group_permissions
    ADD CONSTRAINT auth_group_permissions_pkey PRIMARY KEY (id);


--
-- Name: auth_group auth_group_pkey; Type: CONSTRAINT; Schema: public; Owner: enrico-e-commerce
--

ALTER TABLE ONLY public.auth_group
    ADD CONSTRAINT auth_group_pkey PRIMARY KEY (id);


--
-- Name: auth_permission auth_permission_content_type_id_codename_01ab375a_uniq; Type: CONSTRAINT; Schema: public; Owner: enrico-e-commerce
--

ALTER TABLE ONLY public.auth_permission
    ADD CONSTRAINT auth_permission_content_type_id_codename_01ab375a_uniq UNIQUE (content_type_id, codename);


--
-- Name: auth_permission auth_permission_pkey; Type: CONSTRAINT; Schema: public; Owner: enrico-e-commerce
--

ALTER TABLE ONLY public.auth_permission
    ADD CONSTRAINT auth_permission_pkey PRIMARY KEY (id);


--
-- Name: auth_user_groups auth_user_groups_pkey; Type: CONSTRAINT; Schema: public; Owner: enrico-e-commerce
--

ALTER TABLE ONLY public.auth_user_groups
    ADD CONSTRAINT auth_user_groups_pkey PRIMARY KEY (id);


--
-- Name: auth_user_groups auth_user_groups_user_id_group_id_94350c0c_uniq; Type: CONSTRAINT; Schema: public; Owner: enrico-e-commerce
--

ALTER TABLE ONLY public.auth_user_groups
    ADD CONSTRAINT auth_user_groups_user_id_group_id_94350c0c_uniq UNIQUE (user_id, group_id);


--
-- Name: auth_user auth_user_pkey; Type: CONSTRAINT; Schema: public; Owner: enrico-e-commerce
--

ALTER TABLE ONLY public.auth_user
    ADD CONSTRAINT auth_user_pkey PRIMARY KEY (id);


--
-- Name: auth_user_user_permissions auth_user_user_permissions_pkey; Type: CONSTRAINT; Schema: public; Owner: enrico-e-commerce
--

ALTER TABLE ONLY public.auth_user_user_permissions
    ADD CONSTRAINT auth_user_user_permissions_pkey PRIMARY KEY (id);


--
-- Name: auth_user_user_permissions auth_user_user_permissions_user_id_permission_id_14a6b632_uniq; Type: CONSTRAINT; Schema: public; Owner: enrico-e-commerce
--

ALTER TABLE ONLY public.auth_user_user_permissions
    ADD CONSTRAINT auth_user_user_permissions_user_id_permission_id_14a6b632_uniq UNIQUE (user_id, permission_id);


--
-- Name: auth_user auth_user_username_key; Type: CONSTRAINT; Schema: public; Owner: enrico-e-commerce
--

ALTER TABLE ONLY public.auth_user
    ADD CONSTRAINT auth_user_username_key UNIQUE (username);


--
-- Name: django_admin_log django_admin_log_pkey; Type: CONSTRAINT; Schema: public; Owner: enrico-e-commerce
--

ALTER TABLE ONLY public.django_admin_log
    ADD CONSTRAINT django_admin_log_pkey PRIMARY KEY (id);


--
-- Name: django_content_type django_content_type_app_label_model_76bd3d3b_uniq; Type: CONSTRAINT; Schema: public; Owner: enrico-e-commerce
--

ALTER TABLE ONLY public.django_content_type
    ADD CONSTRAINT django_content_type_app_label_model_76bd3d3b_uniq UNIQUE (app_label, model);


--
-- Name: django_content_type django_content_type_pkey; Type: CONSTRAINT; Schema: public; Owner: enrico-e-commerce
--

ALTER TABLE ONLY public.django_content_type
    ADD CONSTRAINT django_content_type_pkey PRIMARY KEY (id);


--
-- Name: django_migrations django_migrations_pkey; Type: CONSTRAINT; Schema: public; Owner: enrico-e-commerce
--

ALTER TABLE ONLY public.django_migrations
    ADD CONSTRAINT django_migrations_pkey PRIMARY KEY (id);


--
-- Name: django_session django_session_pkey; Type: CONSTRAINT; Schema: public; Owner: enrico-e-commerce
--

ALTER TABLE ONLY public.django_session
    ADD CONSTRAINT django_session_pkey PRIMARY KEY (session_key);


--
-- Name: inventory inventory_pkey; Type: CONSTRAINT; Schema: public; Owner: enrico-e-commerce
--

ALTER TABLE ONLY public.inventory
    ADD CONSTRAINT inventory_pkey PRIMARY KEY (id);


--
-- Name: payments_payment payments_payment_invoice_id_key; Type: CONSTRAINT; Schema: public; Owner: enrico-e-commerce
--

ALTER TABLE ONLY public.payments_payment
    ADD CONSTRAINT payments_payment_invoice_id_key UNIQUE (external_id);


--
-- Name: payments_payment payments_payment_pkey; Type: CONSTRAINT; Schema: public; Owner: enrico-e-commerce
--

ALTER TABLE ONLY public.payments_payment
    ADD CONSTRAINT payments_payment_pkey PRIMARY KEY (id);


--
-- Name: skeleton_user_groups skeleton_user_groups_pkey; Type: CONSTRAINT; Schema: public; Owner: enrico-e-commerce
--

ALTER TABLE ONLY public.skeleton_user_groups
    ADD CONSTRAINT skeleton_user_groups_pkey PRIMARY KEY (id);


--
-- Name: skeleton_user_groups skeleton_user_groups_user_id_group_id_806c5ad4_uniq; Type: CONSTRAINT; Schema: public; Owner: enrico-e-commerce
--

ALTER TABLE ONLY public.skeleton_user_groups
    ADD CONSTRAINT skeleton_user_groups_user_id_group_id_806c5ad4_uniq UNIQUE (user_id, group_id);


--
-- Name: skeleton_user skeleton_user_pkey; Type: CONSTRAINT; Schema: public; Owner: enrico-e-commerce
--

ALTER TABLE ONLY public.skeleton_user
    ADD CONSTRAINT skeleton_user_pkey PRIMARY KEY (id);


--
-- Name: skeleton_user_user_permissions skeleton_user_user_permi_user_id_permission_id_07e11dd5_uniq; Type: CONSTRAINT; Schema: public; Owner: enrico-e-commerce
--

ALTER TABLE ONLY public.skeleton_user_user_permissions
    ADD CONSTRAINT skeleton_user_user_permi_user_id_permission_id_07e11dd5_uniq UNIQUE (user_id, permission_id);


--
-- Name: skeleton_user_user_permissions skeleton_user_user_permissions_pkey; Type: CONSTRAINT; Schema: public; Owner: enrico-e-commerce
--

ALTER TABLE ONLY public.skeleton_user_user_permissions
    ADD CONSTRAINT skeleton_user_user_permissions_pkey PRIMARY KEY (id);


--
-- Name: skeleton_user skeleton_user_username_key; Type: CONSTRAINT; Schema: public; Owner: enrico-e-commerce
--

ALTER TABLE ONLY public.skeleton_user
    ADD CONSTRAINT skeleton_user_username_key UNIQUE (username);


--
-- Name: api_customer_tin_number_e6e9711c_like; Type: INDEX; Schema: public; Owner: enrico-e-commerce
--

CREATE INDEX api_customer_tin_number_e6e9711c_like ON public.api_customer USING btree (tin_number varchar_pattern_ops);


--
-- Name: api_order_customer_id_8cb4e7b7; Type: INDEX; Schema: public; Owner: enrico-e-commerce
--

CREATE INDEX api_order_customer_id_8cb4e7b7 ON public.api_order USING btree (customer_id);


--
-- Name: api_order_transaction_code_9015e234_like; Type: INDEX; Schema: public; Owner: enrico-e-commerce
--

CREATE INDEX api_order_transaction_code_9015e234_like ON public.api_order USING btree (transaction_code varchar_pattern_ops);


--
-- Name: api_orderline_order_id_121bc220; Type: INDEX; Schema: public; Owner: enrico-e-commerce
--

CREATE INDEX api_orderline_order_id_121bc220 ON public.api_orderline USING btree (order_id);


--
-- Name: api_orderline_product_id_449bf210; Type: INDEX; Schema: public; Owner: enrico-e-commerce
--

CREATE INDEX api_orderline_product_id_449bf210 ON public.api_orderline USING btree (product_id);


--
-- Name: auth_group_name_a6ea08ec_like; Type: INDEX; Schema: public; Owner: enrico-e-commerce
--

CREATE INDEX auth_group_name_a6ea08ec_like ON public.auth_group USING btree (name varchar_pattern_ops);


--
-- Name: auth_group_permissions_group_id_b120cbf9; Type: INDEX; Schema: public; Owner: enrico-e-commerce
--

CREATE INDEX auth_group_permissions_group_id_b120cbf9 ON public.auth_group_permissions USING btree (group_id);


--
-- Name: auth_group_permissions_permission_id_84c5c92e; Type: INDEX; Schema: public; Owner: enrico-e-commerce
--

CREATE INDEX auth_group_permissions_permission_id_84c5c92e ON public.auth_group_permissions USING btree (permission_id);


--
-- Name: auth_permission_content_type_id_2f476e4b; Type: INDEX; Schema: public; Owner: enrico-e-commerce
--

CREATE INDEX auth_permission_content_type_id_2f476e4b ON public.auth_permission USING btree (content_type_id);


--
-- Name: auth_user_groups_group_id_97559544; Type: INDEX; Schema: public; Owner: enrico-e-commerce
--

CREATE INDEX auth_user_groups_group_id_97559544 ON public.auth_user_groups USING btree (group_id);


--
-- Name: auth_user_groups_user_id_6a12ed8b; Type: INDEX; Schema: public; Owner: enrico-e-commerce
--

CREATE INDEX auth_user_groups_user_id_6a12ed8b ON public.auth_user_groups USING btree (user_id);


--
-- Name: auth_user_user_permissions_permission_id_1fbb5f2c; Type: INDEX; Schema: public; Owner: enrico-e-commerce
--

CREATE INDEX auth_user_user_permissions_permission_id_1fbb5f2c ON public.auth_user_user_permissions USING btree (permission_id);


--
-- Name: auth_user_user_permissions_user_id_a95ead1b; Type: INDEX; Schema: public; Owner: enrico-e-commerce
--

CREATE INDEX auth_user_user_permissions_user_id_a95ead1b ON public.auth_user_user_permissions USING btree (user_id);


--
-- Name: auth_user_username_6821ab7c_like; Type: INDEX; Schema: public; Owner: enrico-e-commerce
--

CREATE INDEX auth_user_username_6821ab7c_like ON public.auth_user USING btree (username varchar_pattern_ops);


--
-- Name: django_admin_log_content_type_id_c4bce8eb; Type: INDEX; Schema: public; Owner: enrico-e-commerce
--

CREATE INDEX django_admin_log_content_type_id_c4bce8eb ON public.django_admin_log USING btree (content_type_id);


--
-- Name: django_admin_log_user_id_c564eba6; Type: INDEX; Schema: public; Owner: enrico-e-commerce
--

CREATE INDEX django_admin_log_user_id_c564eba6 ON public.django_admin_log USING btree (user_id);


--
-- Name: django_session_expire_date_a5c62663; Type: INDEX; Schema: public; Owner: enrico-e-commerce
--

CREATE INDEX django_session_expire_date_a5c62663 ON public.django_session USING btree (expire_date);


--
-- Name: django_session_session_key_c0390e0f_like; Type: INDEX; Schema: public; Owner: enrico-e-commerce
--

CREATE INDEX django_session_session_key_c0390e0f_like ON public.django_session USING btree (session_key varchar_pattern_ops);


--
-- Name: payments_payment_invoice_id_a1a432c8_like; Type: INDEX; Schema: public; Owner: enrico-e-commerce
--

CREATE INDEX payments_payment_invoice_id_a1a432c8_like ON public.payments_payment USING btree (external_id varchar_pattern_ops);


--
-- Name: skeleton_user_groups_group_id_e585d81f; Type: INDEX; Schema: public; Owner: enrico-e-commerce
--

CREATE INDEX skeleton_user_groups_group_id_e585d81f ON public.skeleton_user_groups USING btree (group_id);


--
-- Name: skeleton_user_groups_user_id_65a6fec1; Type: INDEX; Schema: public; Owner: enrico-e-commerce
--

CREATE INDEX skeleton_user_groups_user_id_65a6fec1 ON public.skeleton_user_groups USING btree (user_id);


--
-- Name: skeleton_user_user_permissions_permission_id_9f423da7; Type: INDEX; Schema: public; Owner: enrico-e-commerce
--

CREATE INDEX skeleton_user_user_permissions_permission_id_9f423da7 ON public.skeleton_user_user_permissions USING btree (permission_id);


--
-- Name: skeleton_user_user_permissions_user_id_6bb461b0; Type: INDEX; Schema: public; Owner: enrico-e-commerce
--

CREATE INDEX skeleton_user_user_permissions_user_id_6bb461b0 ON public.skeleton_user_user_permissions USING btree (user_id);


--
-- Name: skeleton_user_username_76880d20_like; Type: INDEX; Schema: public; Owner: enrico-e-commerce
--

CREATE INDEX skeleton_user_username_76880d20_like ON public.skeleton_user USING btree (username varchar_pattern_ops);


--
-- Name: api_order api_order_customer_id_8cb4e7b7_fk_api_customer_id; Type: FK CONSTRAINT; Schema: public; Owner: enrico-e-commerce
--

ALTER TABLE ONLY public.api_order
    ADD CONSTRAINT api_order_customer_id_8cb4e7b7_fk_api_customer_id FOREIGN KEY (customer_id) REFERENCES public.api_customer(id) DEFERRABLE INITIALLY DEFERRED;


--
-- Name: api_orderline api_orderline_order_id_121bc220_fk_api_order_id; Type: FK CONSTRAINT; Schema: public; Owner: enrico-e-commerce
--

ALTER TABLE ONLY public.api_orderline
    ADD CONSTRAINT api_orderline_order_id_121bc220_fk_api_order_id FOREIGN KEY (order_id) REFERENCES public.api_order(id) DEFERRABLE INITIALLY DEFERRED;


--
-- Name: api_orderline api_orderline_product_id_449bf210_fk_api_product_id; Type: FK CONSTRAINT; Schema: public; Owner: enrico-e-commerce
--

ALTER TABLE ONLY public.api_orderline
    ADD CONSTRAINT api_orderline_product_id_449bf210_fk_api_product_id FOREIGN KEY (product_id) REFERENCES public.api_product(id) DEFERRABLE INITIALLY DEFERRED;


--
-- Name: auth_group_permissions auth_group_permissio_permission_id_84c5c92e_fk_auth_perm; Type: FK CONSTRAINT; Schema: public; Owner: enrico-e-commerce
--

ALTER TABLE ONLY public.auth_group_permissions
    ADD CONSTRAINT auth_group_permissio_permission_id_84c5c92e_fk_auth_perm FOREIGN KEY (permission_id) REFERENCES public.auth_permission(id) DEFERRABLE INITIALLY DEFERRED;


--
-- Name: auth_group_permissions auth_group_permissions_group_id_b120cbf9_fk_auth_group_id; Type: FK CONSTRAINT; Schema: public; Owner: enrico-e-commerce
--

ALTER TABLE ONLY public.auth_group_permissions
    ADD CONSTRAINT auth_group_permissions_group_id_b120cbf9_fk_auth_group_id FOREIGN KEY (group_id) REFERENCES public.auth_group(id) DEFERRABLE INITIALLY DEFERRED;


--
-- Name: auth_permission auth_permission_content_type_id_2f476e4b_fk_django_co; Type: FK CONSTRAINT; Schema: public; Owner: enrico-e-commerce
--

ALTER TABLE ONLY public.auth_permission
    ADD CONSTRAINT auth_permission_content_type_id_2f476e4b_fk_django_co FOREIGN KEY (content_type_id) REFERENCES public.django_content_type(id) DEFERRABLE INITIALLY DEFERRED;


--
-- Name: auth_user_groups auth_user_groups_group_id_97559544_fk_auth_group_id; Type: FK CONSTRAINT; Schema: public; Owner: enrico-e-commerce
--

ALTER TABLE ONLY public.auth_user_groups
    ADD CONSTRAINT auth_user_groups_group_id_97559544_fk_auth_group_id FOREIGN KEY (group_id) REFERENCES public.auth_group(id) DEFERRABLE INITIALLY DEFERRED;


--
-- Name: auth_user_groups auth_user_groups_user_id_6a12ed8b_fk_auth_user_id; Type: FK CONSTRAINT; Schema: public; Owner: enrico-e-commerce
--

ALTER TABLE ONLY public.auth_user_groups
    ADD CONSTRAINT auth_user_groups_user_id_6a12ed8b_fk_auth_user_id FOREIGN KEY (user_id) REFERENCES public.auth_user(id) DEFERRABLE INITIALLY DEFERRED;


--
-- Name: auth_user_user_permissions auth_user_user_permi_permission_id_1fbb5f2c_fk_auth_perm; Type: FK CONSTRAINT; Schema: public; Owner: enrico-e-commerce
--

ALTER TABLE ONLY public.auth_user_user_permissions
    ADD CONSTRAINT auth_user_user_permi_permission_id_1fbb5f2c_fk_auth_perm FOREIGN KEY (permission_id) REFERENCES public.auth_permission(id) DEFERRABLE INITIALLY DEFERRED;


--
-- Name: auth_user_user_permissions auth_user_user_permissions_user_id_a95ead1b_fk_auth_user_id; Type: FK CONSTRAINT; Schema: public; Owner: enrico-e-commerce
--

ALTER TABLE ONLY public.auth_user_user_permissions
    ADD CONSTRAINT auth_user_user_permissions_user_id_a95ead1b_fk_auth_user_id FOREIGN KEY (user_id) REFERENCES public.auth_user(id) DEFERRABLE INITIALLY DEFERRED;


--
-- Name: django_admin_log django_admin_log_content_type_id_c4bce8eb_fk_django_co; Type: FK CONSTRAINT; Schema: public; Owner: enrico-e-commerce
--

ALTER TABLE ONLY public.django_admin_log
    ADD CONSTRAINT django_admin_log_content_type_id_c4bce8eb_fk_django_co FOREIGN KEY (content_type_id) REFERENCES public.django_content_type(id) DEFERRABLE INITIALLY DEFERRED;


--
-- Name: django_admin_log django_admin_log_user_id_c564eba6_fk_auth_user_id; Type: FK CONSTRAINT; Schema: public; Owner: enrico-e-commerce
--

ALTER TABLE ONLY public.django_admin_log
    ADD CONSTRAINT django_admin_log_user_id_c564eba6_fk_auth_user_id FOREIGN KEY (user_id) REFERENCES public.auth_user(id) DEFERRABLE INITIALLY DEFERRED;


--
-- Name: skeleton_user_groups skeleton_user_groups_group_id_e585d81f_fk_auth_group_id; Type: FK CONSTRAINT; Schema: public; Owner: enrico-e-commerce
--

ALTER TABLE ONLY public.skeleton_user_groups
    ADD CONSTRAINT skeleton_user_groups_group_id_e585d81f_fk_auth_group_id FOREIGN KEY (group_id) REFERENCES public.auth_group(id) DEFERRABLE INITIALLY DEFERRED;


--
-- Name: skeleton_user_groups skeleton_user_groups_user_id_65a6fec1_fk_skeleton_user_id; Type: FK CONSTRAINT; Schema: public; Owner: enrico-e-commerce
--

ALTER TABLE ONLY public.skeleton_user_groups
    ADD CONSTRAINT skeleton_user_groups_user_id_65a6fec1_fk_skeleton_user_id FOREIGN KEY (user_id) REFERENCES public.skeleton_user(id) DEFERRABLE INITIALLY DEFERRED;


--
-- Name: skeleton_user_user_permissions skeleton_user_user_p_permission_id_9f423da7_fk_auth_perm; Type: FK CONSTRAINT; Schema: public; Owner: enrico-e-commerce
--

ALTER TABLE ONLY public.skeleton_user_user_permissions
    ADD CONSTRAINT skeleton_user_user_p_permission_id_9f423da7_fk_auth_perm FOREIGN KEY (permission_id) REFERENCES public.auth_permission(id) DEFERRABLE INITIALLY DEFERRED;


--
-- Name: skeleton_user_user_permissions skeleton_user_user_p_user_id_6bb461b0_fk_skeleton_; Type: FK CONSTRAINT; Schema: public; Owner: enrico-e-commerce
--

ALTER TABLE ONLY public.skeleton_user_user_permissions
    ADD CONSTRAINT skeleton_user_user_p_user_id_6bb461b0_fk_skeleton_ FOREIGN KEY (user_id) REFERENCES public.skeleton_user(id) DEFERRABLE INITIALLY DEFERRED;


--
-- PostgreSQL database dump complete
--

